station_id,station_name,massif,elev_ft,swe_in,swe_pct,tmax_c,tmin_c,tavg_c,snow_level_ft,snow_frac,melt_index,date
 679:WA:SNTL,"Paradise",RAINIER,   5150.00000     ,   0.00000000     ,   0.00000000     ,   8.38888836     ,  -1.61111093     ,   3.38888884     ,   5621.20703     ,  0.691476762     ,   3.38888884     ,2026-09-26
 1085:WA:SNTL,"Cayuse Pass",RAINIER,   5260.00000     ,  0.200000003     ,  0.434782624     ,   10.0000000     , -0.722221792     ,   4.63888931     ,   6155.29443     ,  0.458805680     ,   4.63888931     ,2026-09-26
 942:WA:SNTL,"Burnt Mountain",RAINIER,   4160.00000     ,  0.100000001     ,  0.357142866     ,   7.61111116     ,   1.11111116     ,   4.36111116     ,   4961.05273     ,  0.510510385     ,   4.36111116     ,2026-09-26
 943:WA:SNTL,"Dungeness",OLYMPICS,   3990.00000     ,   0.00000000     ,   0.00000000     ,   9.38888931     ,  0.888888061     ,   5.13888884     ,   5054.92871     ,  0.365737408     ,   5.13888884     ,2026-09-26
 1107:WA:SNTL,"Buckinghorse",OLYMPICS,   4850.00000     ,   0.00000000     ,   0.00000000     ,   9.11111164     ,   0.00000000     ,   4.55555582     ,   5717.02197     ,  0.474317014     ,   4.55555582     ,2026-09-26
 774:WA:SNTL,"Snoqualmie Pass",CASCADES,   3000.00000     ,   0.00000000     ,   0.00000000     ,   0.00000000     ,  -2.22222233     ,  -1.11111116     ,   1944.49536     ,  0.949999988     ,   0.00000000     ,2026-09-26
 778:WA:SNTL,"Stevens Pass",CASCADES,   4061.00000     ,   0.00000000     ,   0.00000000     ,   0.00000000     ,  -2.22222233     ,  -1.11111116     ,   3005.49536     ,  0.949999988     ,   0.00000000     ,2026-09-26
 780:WA:SNTL,"Stampede Pass",CASCADES,   3960.00000     ,   0.00000000     ,   0.00000000     ,   0.00000000     ,  -2.22222233     ,  -1.11111116     ,   2904.49536     ,  0.949999988     ,   0.00000000     ,2026-09-26
 910:WA:SNTL,"Elbow Lake",CASCADES,   3050.00000     ,  0.400000006     ,   1.81818175     ,   10.3888893     ,   4.72222233     ,   7.55555582     ,   4934.83008     ,   5.00000007E-02 ,   7.55555582     ,2026-09-26
 375:WA:SNTL,"Bumping Ridge",CASCADES,   4600.00000     ,  0.200000003     ,  0.526315808     ,   11.6111116     ,  -1.50000048     ,   5.05555534     ,   5636.65674     ,  0.381248802     ,   5.05555534     ,2026-09-26
 418:WA:SNTL,"Corral Pass",RAINIER,   5810.00000     ,   0.00000000     ,   0.00000000     ,   8.27777863     ,  -2.88888931     ,   2.69444466     ,   6045.60400     ,  0.820738375     ,   2.69444466     ,2026-09-26
