triplet,name,massif,water_year,peak_in,peak_date,median_peak_in,median_peak_date,peak_pct,melt_out,median_melt_out,melt_out_days_early
679:WA:SNTL,Paradise,RAINIER,2026,38.7,2026-04-23,81.0,2026-04-20,48,2026-06-16,2026-07-15,29
1085:WA:SNTL,Cayuse Pass,RAINIER,2026,33.3,2026-03-17,63.2,2026-04-07,53,2026-05-21,2026-06-29,39
942:WA:SNTL,Burnt Mountain,RAINIER,2026,9.1,2026-03-14,18.4,2026-04-06,49,2026-05-01,2026-05-19,18
418:WA:SNTL,Corral Pass,RAINIER,2026,30.4,2026-03-16,38.2,2026-04-19,80,2026-05-26,2026-07-02,37
943:WA:SNTL,Dungeness,OLYMPICS,2026,4.6,2026-03-15,9.0,2026-03-12,51,2026-04-05,2026-04-29,24
1107:WA:SNTL,Buckinghorse,OLYMPICS,2026,28.4,2026-04-02,59.6,2026-04-16,48,2026-05-21,2026-06-25,35
974:WA:SNTL,Waterhole,OLYMPICS,2026,18.8,2026-04-03,43.6,2026-04-03,43,2026-05-11,2026-06-19,39
672:WA:SNTL,Olallie Meadows,CASCADES,2026,26.3,2026-03-15,53.5,2026-04-13,49,2026-05-21,2026-06-22,32
791:WA:SNTL,Stevens Pass,CASCADES,2026,24.6,2026-03-17,36.6,2026-03-31,67,2026-05-10,2026-06-07,28
788:WA:SNTL,Stampede Pass,CASCADES,2026,17.9,2026-03-17,36.8,2026-04-17,49,2026-05-10,2026-06-11,32
910:WA:SNTL,Elbow Lake,CASCADES,2026,10.0,2026-01-11,40.5,2026-03-29,25,2026-04-21,2026-06-02,42
375:WA:SNTL,Bumping Ridge,CASCADES,2026,19.9,2026-03-15,27.2,2026-04-06,73,2026-05-06,2026-06-03,28
