id,name,massif,elev_ft,swe,swe_pct,tmax,tmin,precip,date
679:WA:SNTL,Paradise,RAINIER,5150,0.0,0.0,52.9,37.6,126.6,2026-09-28
1085:WA:SNTL,Cayuse Pass,RAINIER,5260,0.2,0.43478260869565216,53.2,40.1,0.0,2026-09-28
942:WA:SNTL,Burnt Mountain,RAINIER,4160,0.1,0.35714285714285715,52.5,40.5,82.6,2026-09-28
943:WA:SNTL,Dungeness,OLYMPICS,3990,0.0,0.0,56.7,40.1,38.7,2026-09-28
1107:WA:SNTL,Buckinghorse,OLYMPICS,4850,0.0,0.0,53.6,39.9,122.3,2026-09-28
774:WA:SNTL,Snoqualmie Pass,CASCADES,3000,0.0,0.0,32.0,28.0,0.0,2026-09-28
778:WA:SNTL,Stevens Pass,CASCADES,4061,0.0,0.0,32.0,28.0,0.0,2026-09-28
780:WA:SNTL,Stampede Pass,CASCADES,3960,0.0,0.0,32.0,28.0,0.0,2026-09-28
910:WA:SNTL,Elbow Lake,CASCADES,3050,0.0,0.0,54.0,43.0,148.0,2026-09-28
375:WA:SNTL,Bumping Ridge,CASCADES,4600,0.2,0.5263157894736842,59.2,36.3,81.0,2026-09-28
418:WA:SNTL,Corral Pass,RAINIER,5810,0.0,0.0,51.4,35.2,61.2,2026-09-28
