triplet,name,massif,elev_ft,lat,lon,note
679:WA:SNTL,Paradise,RAINIER,5150,46.78266,-121.74767,Nisqually headwaters
1085:WA:SNTL,Cayuse Pass,RAINIER,5260,46.86956,-121.53434,White River headwaters
942:WA:SNTL,Burnt Mountain,RAINIER,4160,47.04440,-121.94032,Green River / Carbon side
418:WA:SNTL,Corral Pass,RAINIER,5810,47.01872,-121.46464,Highest station in the set
943:WA:SNTL,Dungeness,OLYMPICS,3990,47.87220,-123.07879,Dungeness River
1107:WA:SNTL,Buckinghorse,OLYMPICS,4850,47.70860,-123.45747,Elwha headwaters
974:WA:SNTL,Waterhole,OLYMPICS,5010,47.94485,-123.42594,Hurricane Ridge
672:WA:SNTL,Olallie Meadows,CASCADES,4010,47.37406,-121.44213,Snoqualmie Pass area (I-90)
791:WA:SNTL,Stevens Pass,CASCADES,3940,47.74607,-121.09288,US 2
788:WA:SNTL,Stampede Pass,CASCADES,3850,47.27427,-121.34162,Yakima headwaters
910:WA:SNTL,Elbow Lake,CASCADES,3050,48.69092,-121.90893,Baker River / Nooksack
375:WA:SNTL,Bumping Ridge,CASCADES,4600,46.81003,-121.33058,Bumping River / Yakima
