key,value
version,CASCADIA-WX V3.0
run_utc,2026-10-06 20:31
pacific_date,2026-10-06
water_year,2027
return_code,0
balloon_sites,4
balloon_sites_current,4
sounding_valid_utc,2026-10-06T12:00Z
freezing_level_ft,13776
freezing_vs_normal,MUCH ABOVE
freezing_normal_p50,9734
wetbulb_zero_ft,7999
snow_level_ft,12776
pw_mm,15.9
pw_vs_normal,NORMAL
ivt,110
ivt_from,WNW
ar_category,NONE
t850_c,11.6
free_air_lapse_c_km,3.49
w700,W 14 kt
snow,yes
data_date,2026-10-05
stations,12
stations_reporting,12
region_swe_pct,
region_class,SEASON NOT STARTED
region_precip_pct,
last_wy_peak_pct,52
mountain_lapse_c_km,1.72
mountain_lapse_r2,0.21
messages,0
