station,valid_utc,p_hpa,z_m,t_c,td_c,tw_c,q_gkg,wind_from_deg,wind_kt
KUIL,2026-10-10T12:00Z,1003.0,62,6.4,6.3,6.4,5.94,160,2
KUIL,2026-10-10T12:00Z,1000.0,80,8.4,6.7,7.5,6.12,245,2
KUIL,2026-10-10T12:00Z,998.0,97,9.6,6.2,7.9,5.93,,
KUIL,2026-10-10T12:00Z,980.0,248,8.7,5.9,7.3,5.92,300,10
KUIL,2026-10-10T12:00Z,973.0,307,8.4,5.8,7.1,5.92,,
KUIL,2026-10-10T12:00Z,948.0,521,6.4,4.5,5.5,5.55,300,15
KUIL,2026-10-10T12:00Z,929.0,688,4.8,3.5,4.2,5.27,,
KUIL,2026-10-10T12:00Z,925.0,723,4.6,3.2,3.9,5.18,305,13
KUIL,2026-10-10T12:00Z,919.0,776,4.2,2.3,3.3,4.91,305,13
KUIL,2026-10-10T12:00Z,916.0,803,4.0,1.9,3.0,4.77,,
KUIL,2026-10-10T12:00Z,905.0,901,3.4,-0.6,1.7,4.03,,
KUIL,2026-10-10T12:00Z,888.0,1054,2.2,-1.3,0.7,3.90,,
KUIL,2026-10-10T12:00Z,877.0,1154,1.7,-2.2,0.1,3.69,275,11
KUIL,2026-10-10T12:00Z,860.0,1312,1.0,-3.7,-0.9,3.37,,
KUIL,2026-10-10T12:00Z,850.0,1406,0.8,-5.2,-1.5,3.05,305,6
KUIL,2026-10-10T12:00Z,846.0,1444,0.8,-5.2,-1.5,3.06,,
KUIL,2026-10-10T12:00Z,831.0,1587,0.2,-5.8,-2.1,2.98,20,3
KUIL,2026-10-10T12:00Z,826.0,1636,0.0,-6.0,-2.3,2.95,,
KUIL,2026-10-10T12:00Z,817.0,1724,-0.1,-9.1,-3.3,2.35,,
KUIL,2026-10-10T12:00Z,812.0,1773,-0.5,-9.5,-3.7,2.28,330,10
KUIL,2026-10-10T12:00Z,810.0,1793,-0.7,-9.7,-3.8,2.26,,
KUIL,2026-10-10T12:00Z,806.0,1832,-0.7,-10.7,-4.1,2.10,,
KUIL,2026-10-10T12:00Z,804.0,1852,-0.7,-11.7,-4.3,1.95,320,11
KUIL,2026-10-10T12:00Z,798.0,1912,-0.5,-14.5,-4.8,1.56,,
KUIL,2026-10-10T12:00Z,754.0,2363,-3.5,-13.5,-6.6,1.79,,
KUIL,2026-10-10T12:00Z,750.0,2405,-3.5,-15.5,-7.1,1.53,,
KUIL,2026-10-10T12:00Z,739.0,2521,-4.1,-18.1,-8.0,1.25,,
KUIL,2026-10-10T12:00Z,738.0,2532,-4.1,-17.6,-7.9,1.30,345,10
KUIL,2026-10-10T12:00Z,733.0,2586,-4.3,-15.3,-7.6,1.59,,
KUIL,2026-10-10T12:00Z,720.0,2726,-4.9,-19.9,-8.9,1.10,,
KUIL,2026-10-10T12:00Z,700.0,2947,-6.9,-22.9,-10.7,0.87,315,14
KUIL,2026-10-10T12:00Z,688.0,3082,-7.9,-25.9,-11.8,0.67,,
KUIL,2026-10-10T12:00Z,670.0,3286,-9.5,-26.2,-13.0,0.67,305,14
KUIL,2026-10-10T12:00Z,652.0,3496,-11.2,-26.6,-14.3,0.67,335,13
KUIL,2026-10-10T12:00Z,638.0,3663,-12.5,-26.8,-15.4,0.67,310,14
KUIL,2026-10-10T12:00Z,634.0,3711,-12.9,-26.9,-15.7,0.67,,
KUIL,2026-10-10T12:00Z,625.0,3820,-13.3,-41.3,-16.9,0.16,,
KUIL,2026-10-10T12:00Z,619.0,3894,-13.5,-47.5,-17.3,0.08,,
KUIL,2026-10-10T12:00Z,613.0,3968,-14.1,-45.1,-17.7,0.11,,
KUIL,2026-10-10T12:00Z,541.0,4903,-21.5,-42.5,-23.7,0.17,,
KUIL,2026-10-10T12:00Z,516.0,5250,-23.7,-48.7,-25.8,0.09,,
KUIL,2026-10-10T12:00Z,515.0,5264,-23.7,-48.7,-25.8,0.09,,
KUIL,2026-10-10T12:00Z,504.0,5422,-23.9,-51.9,-26.0,0.06,,
KUIL,2026-10-10T12:00Z,500.0,5480,-24.3,-52.3,-26.4,0.06,295,28
KUIL,2026-10-10T12:00Z,494.0,5567,-24.8,-52.8,-26.8,0.06,295,29
KUIL,2026-10-10T12:00Z,472.0,5897,-26.5,-54.5,-28.4,0.05,,
KUIL,2026-10-10T12:00Z,471.0,5912,-26.6,-54.5,-28.4,0.05,315,32
KUIL,2026-10-10T12:00Z,442.0,6363,-29.9,-55.9,-31.4,0.04,295,36
KUIL,2026-10-10T12:00Z,407.0,6947,-34.2,-57.7,-35.3,0.04,310,29
KUIL,2026-10-10T12:00Z,400.0,7070,-35.1,-58.1,-36.1,0.04,310,34
KUIL,2026-10-10T12:00Z,397.0,7122,-35.5,-58.5,-36.5,0.04,,
KUIL,2026-10-10T12:00Z,389.0,7264,-36.1,-61.1,-37.1,0.03,,
KUIL,2026-10-10T12:00Z,372.0,7573,-36.7,-63.7,-37.7,0.02,295,39
KUIL,2026-10-10T12:00Z,368.0,7648,-36.5,-64.2,-37.5,0.02,295,39
KUIL,2026-10-10T12:00Z,315.0,8729,-34.1,-71.1,-35.6,0.01,,
KUIL,2026-10-10T12:00Z,300.0,9070,-34.9,-71.9,-36.3,0.01,305,74
KUIL,2026-10-10T12:00Z,292.0,9258,-35.2,-70.8,-36.6,0.01,305,76
KUIL,2026-10-10T12:00Z,278.0,9600,-35.7,-68.7,-37.1,0.01,,
KUIL,2026-10-10T12:00Z,250.0,10330,-40.7,-70.7,-41.7,0.01,300,66
KUIL,2026-10-10T12:00Z,239.0,10636,-42.5,-72.5,-43.4,0.01,295,60
KUIL,2026-10-10T12:00Z,228.0,10957,-40.9,-74.9,-42.0,0.01,,
KUIL,2026-10-10T12:00Z,224.0,11077,-41.0,-75.3,-42.1,0.01,295,69
KUIL,2026-10-10T12:00Z,201.0,11816,-41.5,-77.5,-42.6,0.00,,
KUIL,2026-10-10T12:00Z,200.0,11850,-41.7,-77.7,-42.8,0.00,305,59
KUIL,2026-10-10T12:00Z,180.0,12556,-44.5,-79.3,-45.4,0.00,315,59
KUIL,2026-10-10T12:00Z,168.0,13018,-46.3,-80.3,-47.1,0.00,,
KUIL,2026-10-10T12:00Z,164.0,13178,-45.8,-80.4,-46.7,0.00,305,58
KUIL,2026-10-10T12:00Z,162.0,13259,-45.5,-80.5,-46.4,0.00,,
KUIL,2026-10-10T12:00Z,150.0,13770,-46.7,-80.7,-47.6,0.00,310,54
KUIL,2026-10-10T12:00Z,139.0,14274,-48.0,-82.0,-48.8,0.00,320,46
KUIL,2026-10-10T12:00Z,138.0,14321,-48.1,-82.1,-48.9,0.00,,
KUIL,2026-10-10T12:00Z,132.0,14608,-49.4,-82.6,-50.2,0.00,305,50
KUIL,2026-10-10T12:00Z,119.0,15277,-52.4,-83.7,-53.0,0.00,320,47
KUIL,2026-10-10T12:00Z,100.0,16400,-57.5,-85.5,-57.9,0.00,310,38
KUIL,2026-10-10T12:00Z,94.7,16743,-56.7,-85.7,-57.2,0.00,,
KUIL,2026-10-10T12:00Z,88.2,17190,-59.5,-86.5,-59.8,0.00,315,40
KUIL,2026-10-10T12:00Z,85.4,17392,-57.7,-86.7,-58.1,0.00,,
KUIL,2026-10-10T12:00Z,81.6,17678,-58.7,-87.1,-59.1,0.00,315,44
KUIL,2026-10-10T12:00Z,77.7,17983,-59.7,-87.5,-60.1,0.00,325,35
KUIL,2026-10-10T12:00Z,74.0,18288,-60.8,-88.0,-61.1,0.00,315,24
KUIL,2026-10-10T12:00Z,72.8,18387,-61.1,-88.1,-61.4,0.00,,
KUIL,2026-10-10T12:00Z,70.4,18593,-60.9,-87.9,-61.3,0.00,300,29
KUIL,2026-10-10T12:00Z,70.0,18630,-60.9,-87.9,-61.3,0.00,305,34
KUIL,2026-10-10T12:00Z,64.8,19109,-61.5,-88.5,-61.9,0.00,,
KUIL,2026-10-10T12:00Z,60.8,19507,-60.1,-88.2,-60.6,0.00,310,44
KUIL,2026-10-10T12:00Z,57.9,19812,-59.0,-87.9,-59.6,0.00,345,42
KUIL,2026-10-10T12:00Z,57.5,19854,-58.9,-87.9,-59.5,0.00,,
KUIL,2026-10-10T12:00Z,55.4,20087,-59.5,-88.5,-60.0,0.00,,
KUIL,2026-10-10T12:00Z,54.4,20201,-58.5,-88.5,-59.1,0.00,,
KUIL,2026-10-10T12:00Z,50.5,20668,-59.3,-88.3,-59.9,0.00,,
KUIL,2026-10-10T12:00Z,50.0,20726,-58.5,-88.5,-59.2,0.00,345,21
KUIL,2026-10-10T12:00Z,50.0,20730,-58.5,-88.5,-59.2,0.00,345,20
KUIL,2026-10-10T12:00Z,49.1,20845,-56.5,-88.5,-57.4,0.00,,
KUIL,2026-10-10T12:00Z,47.7,21031,-55.8,-87.8,-56.8,0.00,345,18
KUIL,2026-10-10T12:00Z,47.0,21123,-55.5,-87.5,-56.5,0.00,,
KUIL,2026-10-10T12:00Z,45.4,21336,-56.7,-87.9,-57.6,0.00,340,15
KUIL,2026-10-10T12:00Z,43.1,21671,-58.5,-88.5,-59.3,0.00,,
KUIL,2026-10-10T12:00Z,41.3,21946,-58.0,-88.0,-58.8,0.00,325,11
KUIL,2026-10-10T12:00Z,41.0,21986,-57.9,-87.9,-58.8,0.00,,
KUIL,2026-10-10T12:00Z,39.3,22250,-59.0,-88.5,-59.8,0.00,290,4
KUIL,2026-10-10T12:00Z,37.4,22555,-60.2,-89.2,-60.9,0.00,260,10
KUIL,2026-10-10T12:00Z,37.3,22578,-60.3,-89.3,-61.0,0.00,,
KUIL,2026-10-10T12:00Z,35.9,22818,-57.5,-88.5,-58.5,0.00,,
KUIL,2026-10-10T12:00Z,35.7,22860,-57.4,-88.5,-58.4,0.00,300,24
KUIL,2026-10-10T12:00Z,34.0,23165,-56.7,-88.4,-57.9,0.00,310,31
KUIL,2026-10-10T12:00Z,33.1,23333,-56.3,-88.3,-57.6,0.00,,
KUIL,2026-10-10T12:00Z,32.8,23391,-56.1,-88.1,-57.4,0.01,,
KUIL,2026-10-10T12:00Z,32.4,23470,-56.5,-88.5,-57.8,0.00,330,26
KUIL,2026-10-10T12:00Z,32.2,23508,-56.7,-88.7,-57.9,0.00,,
KUIL,2026-10-10T12:00Z,31.0,23749,-55.5,-88.5,-56.9,0.01,,
KUIL,2026-10-10T12:00Z,30.9,23774,-54.9,-88.1,-56.4,0.01,325,17
KUIL,2026-10-10T12:00Z,30.5,23853,-52.9,-86.9,-54.8,0.01,,
KUIL,2026-10-10T12:00Z,30.0,23960,-53.3,-87.3,-55.1,0.01,15,9
KUIL,2026-10-10T12:00Z,28.4,24312,-53.9,-86.9,-55.7,0.01,,
KUIL,2026-10-10T12:00Z,28.1,24384,-54.4,-87.0,-56.2,0.01,20,8
KUIL,2026-10-10T12:00Z,26.9,24658,-56.5,-87.5,-58.0,0.01,,
KUIL,2026-10-10T12:00Z,26.7,24705,-56.5,-88.5,-58.0,0.01,,
KUIL,2026-10-10T12:00Z,26.0,24875,-54.7,-87.7,-56.5,0.01,,
KUIL,2026-10-10T12:00Z,25.5,24994,-55.5,-87.8,-57.2,0.01,25,2
KUIL,2026-10-10T12:00Z,25.3,25048,-55.9,-87.9,-57.5,0.01,,
KUIL,2026-10-10T12:00Z,23.2,25603,-54.4,-87.5,-56.5,0.01,310,10
KUIL,2026-10-10T12:00Z,22.1,25908,-53.6,-87.2,-55.9,0.01,345,20
KUIL,2026-10-10T12:00Z,21.5,26090,-53.1,-87.1,-55.6,0.01,,
KUIL,2026-10-10T12:00Z,21.2,26181,-50.9,-86.9,-53.9,0.01,,
KUIL,2026-10-10T12:00Z,21.1,26213,-50.8,-86.7,-53.9,0.01,5,10
KUIL,2026-10-10T12:00Z,20.4,26431,-50.3,-85.3,-53.6,0.01,,
KUIL,2026-10-10T12:00Z,20.1,26518,-50.7,-85.7,-53.9,0.01,265,14
KUIL,2026-10-10T12:00Z,20.0,26560,-50.9,-85.9,-54.1,0.01,0,11
KUIL,2026-10-10T12:00Z,19.2,26822,-51.2,-86.0,-54.4,0.01,340,13
KUIL,2026-10-10T12:00Z,18.3,27127,-51.5,-86.0,-54.7,0.01,5,10
KUIL,2026-10-10T12:00Z,17.5,27432,-51.9,-86.1,-55.1,0.01,310,3
KUIL,2026-10-10T12:00Z,16.9,27655,-52.1,-86.1,-55.3,0.01,,
KUIL,2026-10-10T12:00Z,16.7,27737,-51.6,-85.9,-55.0,0.01,315,10
KUIL,2026-10-10T12:00Z,16.2,27930,-50.5,-85.5,-54.3,0.02,,
KUIL,2026-10-10T12:00Z,15.9,28042,-51.2,-85.9,-54.8,0.02,330,11
KUIL,2026-10-10T12:00Z,15.3,28301,-52.9,-86.9,-56.1,0.01,,
KUIL,2026-10-10T12:00Z,15.2,28346,-52.7,-86.8,-56.0,0.01,275,11
KUIL,2026-10-10T12:00Z,14.5,28651,-51.6,-86.4,-55.3,0.02,265,18
KUIL,2026-10-10T12:00Z,14.3,28740,-51.3,-86.3,-55.2,0.02,,
KUIL,2026-10-10T12:00Z,14.0,28878,-49.5,-85.5,-54.0,0.02,,
KUIL,2026-10-10T12:00Z,13.2,29261,-50.4,-85.9,-54.8,0.02,0,22
KUIL,2026-10-10T12:00Z,12.0,29870,-51.9,-86.5,-56.1,0.02,330,17
KUIL,2026-10-10T12:00Z,11.5,30175,-52.7,-86.8,-56.7,0.02,340,24
KUIL,2026-10-10T12:00Z,11.3,30273,-52.9,-86.9,-56.9,0.02,,
KUIL,2026-10-10T12:00Z,10.4,30813,-49.5,-85.5,-54.9,0.03,,
KUIL,2026-10-10T12:00Z,10.0,31070,-50.1,-85.1,-55.4,0.03,300,16
KUIL,2026-10-10T12:00Z,8.0,32542,-46.1,-84.1,-54.0,0.04,,
KUIL,2026-10-10T12:00Z,7.9,32626,-45.9,-83.9,-54.0,0.04,,
KUIL,2026-10-10T12:00Z,7.6,32883,-46.9,-84.9,-54.6,0.04,,
KUIL,2026-10-10T12:00Z,7.0,33430,-45.5,-84.5,-54.3,0.05,290,19
KUIL,2026-10-10T12:00Z,6.9,33526,-45.1,-84.1,-54.1,0.05,,
KSLE,2026-10-10T12:00Z,1005.0,61,6.6,5.1,5.9,5.45,165,2
KSLE,2026-10-10T12:00Z,1000.0,100,7.6,5.2,6.4,5.52,195,8
KSLE,2026-10-10T12:00Z,986.0,217,9.4,5.4,7.4,5.68,,
KSLE,2026-10-10T12:00Z,958.0,456,8.2,5.6,6.9,5.92,,
KSLE,2026-10-10T12:00Z,954.0,490,8.0,5.3,6.6,5.83,290,10
KSLE,2026-10-10T12:00Z,929.0,710,6.6,3.4,5.0,5.24,,
KSLE,2026-10-10T12:00Z,925.0,745,6.2,3.1,4.7,5.15,310,4
KSLE,2026-10-10T12:00Z,866.0,1281,1.4,1.4,1.4,4.87,,
KSLE,2026-10-10T12:00Z,850.0,1431,0.4,0.4,0.4,4.62,340,11
KSLE,2026-10-10T12:00Z,846.0,1469,0.1,-0.1,-0.0,4.46,345,11
KSLE,2026-10-10T12:00Z,829.0,1631,-1.3,-2.5,-1.8,3.83,,
KSLE,2026-10-10T12:00Z,821.0,1708,-1.7,-2.5,-2.0,3.86,,
KSLE,2026-10-10T12:00Z,809.0,1825,-2.5,-5.1,-3.5,3.23,,
KSLE,2026-10-10T12:00Z,805.0,1865,-2.5,-8.5,-4.6,2.50,,
KSLE,2026-10-10T12:00Z,800.0,1914,-2.6,-11.1,-5.4,2.04,305,18
KSLE,2026-10-10T12:00Z,797.0,1944,-2.7,-12.7,-5.8,1.81,,
KSLE,2026-10-10T12:00Z,795.0,1964,-2.7,-11.7,-5.6,1.96,,
KSLE,2026-10-10T12:00Z,789.0,2024,-3.1,-7.2,-4.6,2.82,,
KSLE,2026-10-10T12:00Z,785.0,2064,-3.5,-7.8,-5.0,2.70,,
KSLE,2026-10-10T12:00Z,776.0,2155,-4.3,-7.2,-5.4,2.86,,
KSLE,2026-10-10T12:00Z,772.0,2196,-4.3,-9.3,-6.0,2.44,,
KSLE,2026-10-10T12:00Z,762.0,2298,-4.9,-11.9,-7.1,2.01,,
KSLE,2026-10-10T12:00Z,761.0,2309,-4.9,-12.9,-7.4,1.86,305,22
KSLE,2026-10-10T12:00Z,754.0,2381,-4.5,-20.5,-8.6,0.99,,
KSLE,2026-10-10T12:00Z,747.0,2455,-4.1,-30.1,-9.3,0.42,,
KSLE,2026-10-10T12:00Z,739.0,2539,-4.2,-32.1,-9.5,0.35,330,22
KSLE,2026-10-10T12:00Z,726.0,2679,-4.5,-35.5,-9.9,0.26,,
KSLE,2026-10-10T12:00Z,722.0,2722,-3.7,-39.7,-9.6,0.17,,
KSLE,2026-10-10T12:00Z,717.0,2777,-3.9,-40.1,-9.8,0.16,340,22
KSLE,2026-10-10T12:00Z,700.0,2966,-4.7,-41.7,-10.4,0.14,320,24
KSLE,2026-10-10T12:00Z,695.0,3022,-4.5,-42.9,-10.4,0.13,315,24
KSLE,2026-10-10T12:00Z,689.0,3090,-4.3,-44.3,-10.3,0.11,,
KSLE,2026-10-10T12:00Z,671.0,3297,-5.6,-43.9,-11.3,0.12,325,27
KSLE,2026-10-10T12:00Z,639.0,3678,-8.1,-43.1,-13.1,0.13,,
KSLE,2026-10-10T12:00Z,615.0,3974,-9.5,-50.5,-14.4,0.06,,
KSLE,2026-10-10T12:00Z,599.0,4175,-10.4,-50.3,-15.2,0.06,275,30
KSLE,2026-10-10T12:00Z,575.0,4488,-11.9,-50.1,-16.3,0.07,305,32
KSLE,2026-10-10T12:00Z,559.0,4704,-12.9,-49.9,-17.2,0.07,,
KSLE,2026-10-10T12:00Z,556.0,4745,-12.5,-50.6,-16.9,0.07,285,36
KSLE,2026-10-10T12:00Z,551.0,4814,-11.9,-51.9,-16.5,0.06,,
KSLE,2026-10-10T12:00Z,544.0,4912,-11.9,-50.9,-16.5,0.07,,
KSLE,2026-10-10T12:00Z,526.0,5168,-14.3,-50.3,-18.4,0.07,,
KSLE,2026-10-10T12:00Z,512.0,5371,-14.8,-50.8,-18.8,0.07,275,38
KSLE,2026-10-10T12:00Z,509.0,5416,-14.9,-50.9,-18.9,0.07,,
KSLE,2026-10-10T12:00Z,500.0,5550,-16.1,-52.1,-19.9,0.06,290,38
KSLE,2026-10-10T12:00Z,498.0,5580,-16.3,-52.3,-20.0,0.06,,
KSLE,2026-10-10T12:00Z,488.0,5734,-16.5,-54.5,-20.3,0.05,290,49
KSLE,2026-10-10T12:00Z,487.0,5749,-16.5,-54.5,-20.3,0.05,,
KSLE,2026-10-10T12:00Z,481.0,5843,-16.3,-54.3,-20.2,0.05,,
KSLE,2026-10-10T12:00Z,462.0,6147,-16.7,-54.7,-20.6,0.05,,
KSLE,2026-10-10T12:00Z,453.0,6294,-17.7,-55.3,-21.4,0.05,275,39
KSLE,2026-10-10T12:00Z,437.0,6563,-19.4,-56.4,-22.8,0.04,285,35
KSLE,2026-10-10T12:00Z,426.0,6753,-20.7,-57.2,-23.9,0.04,300,42
KSLE,2026-10-10T12:00Z,414.0,6967,-22.1,-58.1,-25.0,0.04,,
KSLE,2026-10-10T12:00Z,400.0,7220,-24.1,-59.1,-26.7,0.03,300,43
KSLE,2026-10-10T12:00Z,363.0,7910,-30.0,-60.9,-31.8,0.03,285,41
KSLE,2026-10-10T12:00Z,338.0,8418,-34.3,-62.3,-35.6,0.03,,
KSLE,2026-10-10T12:00Z,320.0,8797,-36.9,-62.9,-38.0,0.03,,
KSLE,2026-10-10T12:00Z,316.0,8883,-37.2,-62.8,-38.3,0.03,295,53
KSLE,2026-10-10T12:00Z,301.0,9217,-38.3,-62.3,-39.3,0.03,,
KSLE,2026-10-10T12:00Z,300.0,9240,-38.1,-62.1,-39.1,0.03,290,41
KSLE,2026-10-10T12:00Z,289.0,9496,-39.9,-63.9,-40.8,0.02,280,39
KSLE,2026-10-10T12:00Z,265.0,10082,-44.7,-64.7,-45.3,0.02,,
KSLE,2026-10-10T12:00Z,250.0,10470,-47.1,-64.1,-47.6,0.03,280,44
KSLE,2026-10-10T12:00Z,248.0,10523,-47.3,-64.3,-47.8,0.03,,
KSLE,2026-10-10T12:00Z,247.0,10550,-47.4,-64.9,-47.9,0.02,280,45
KSLE,2026-10-10T12:00Z,242.0,10686,-48.1,-68.1,-48.6,0.02,280,47
KSLE,2026-10-10T12:00Z,237.0,10825,-47.3,-72.3,-47.8,0.01,,
KSLE,2026-10-10T12:00Z,222.0,11261,-45.9,-74.7,-46.5,0.01,300,61
KSLE,2026-10-10T12:00Z,214.0,11507,-45.1,-76.1,-45.8,0.01,,
KSLE,2026-10-10T12:00Z,204.0,11827,-45.8,-76.8,-46.5,0.01,290,49
KSLE,2026-10-10T12:00Z,200.0,11960,-46.1,-77.1,-46.8,0.01,290,50
KSLE,2026-10-10T12:00Z,180.0,12652,-47.4,-78.8,-48.1,0.00,285,67
KSLE,2026-10-10T12:00Z,161.0,13385,-48.7,-80.5,-49.4,0.00,300,46
KSLE,2026-10-10T12:00Z,151.0,13807,-49.5,-81.5,-50.2,0.00,,
KSLE,2026-10-10T12:00Z,150.0,13850,-49.3,-81.3,-50.0,0.00,290,54
KSLE,2026-10-10T12:00Z,149.0,13894,-49.1,-81.1,-49.8,0.00,,
KSLE,2026-10-10T12:00Z,140.0,14299,-50.4,-81.8,-51.0,0.00,300,63
KSLE,2026-10-10T12:00Z,133.0,14632,-51.4,-82.3,-52.0,0.00,300,46
KSLE,2026-10-10T12:00Z,121.0,15247,-53.3,-83.3,-53.8,0.00,,
KSLE,2026-10-10T12:00Z,120.0,15301,-53.4,-83.7,-53.9,0.00,330,33
KSLE,2026-10-10T12:00Z,118.0,15409,-53.5,-84.5,-54.0,0.00,,
KSLE,2026-10-10T12:00Z,117.0,15464,-53.5,-84.5,-54.0,0.00,,
KSLE,2026-10-10T12:00Z,116.0,15519,-53.5,-84.5,-54.0,0.00,,
KSLE,2026-10-10T12:00Z,114.0,15629,-54.2,-84.7,-54.8,0.00,310,14
KSLE,2026-10-10T12:00Z,111.0,15798,-55.4,-84.9,-55.9,0.00,295,18
KSLE,2026-10-10T12:00Z,100.0,16460,-59.9,-85.9,-60.2,0.00,295,41
KSLE,2026-10-10T12:00Z,96.7,16668,-61.1,-86.1,-61.4,0.00,295,49
KSLE,2026-10-10T12:00Z,94.1,16837,-60.5,-86.5,-60.8,0.00,,
KSLE,2026-10-10T12:00Z,90.6,17069,-60.7,-86.7,-61.0,0.00,295,49
KSLE,2026-10-10T12:00Z,83.6,17570,-61.1,-87.1,-61.4,0.00,,
KSLE,2026-10-10T12:00Z,82.2,17678,-61.4,-87.3,-61.7,0.00,320,30
KSLE,2026-10-10T12:00Z,78.2,17983,-62.4,-88.0,-62.7,0.00,310,35
KSLE,2026-10-10T12:00Z,74.4,18288,-63.4,-88.7,-63.6,0.00,320,31
KSLE,2026-10-10T12:00Z,70.2,18643,-64.5,-89.5,-64.7,0.00,,
KSLE,2026-10-10T12:00Z,70.0,18660,-64.5,-89.5,-64.7,0.00,295,41
KSLE,2026-10-10T12:00Z,67.3,18898,-61.8,-89.4,-62.1,0.00,285,33
KSLE,2026-10-10T12:00Z,66.0,19023,-60.3,-89.3,-60.7,0.00,,
KSLE,2026-10-10T12:00Z,64.7,19147,-60.9,-88.9,-61.3,0.00,,
KSLE,2026-10-10T12:00Z,64.1,19202,-60.6,-88.8,-61.0,0.00,305,44
KSLE,2026-10-10T12:00Z,61.1,19507,-58.9,-88.3,-59.5,0.00,315,46
KSLE,2026-10-10T12:00Z,59.6,19660,-58.1,-88.1,-58.7,0.00,,
KSLE,2026-10-10T12:00Z,59.5,19670,-58.1,-88.1,-58.7,0.00,,
KSLE,2026-10-10T12:00Z,55.4,20117,-58.8,-88.3,-59.4,0.00,5,30
KSLE,2026-10-10T12:00Z,51.7,20552,-59.5,-88.5,-60.1,0.00,,
KSLE,2026-10-10T12:00Z,50.3,20726,-61.0,-88.3,-61.5,0.00,350,18
KSLE,2026-10-10T12:00Z,50.0,20760,-61.3,-88.3,-61.8,0.00,5,13
KSLE,2026-10-10T12:00Z,48.9,20898,-62.7,-88.7,-63.1,0.00,,
KSLE,2026-10-10T12:00Z,47.9,21031,-62.3,-88.8,-62.7,0.00,5,14
KSLE,2026-10-10T12:00Z,45.6,21336,-61.2,-88.9,-61.8,0.00,305,10
KSLE,2026-10-10T12:00Z,43.4,21641,-60.2,-89.1,-60.9,0.00,280,25
KSLE,2026-10-10T12:00Z,43.1,21683,-60.1,-89.1,-60.7,0.00,,
KSLE,2026-10-10T12:00Z,42.2,21815,-58.1,-90.1,-58.9,0.00,,
KSLE,2026-10-10T12:00Z,41.8,21876,-54.9,-88.9,-56.1,0.00,,
KSLE,2026-10-10T12:00Z,41.4,21946,-54.2,-88.2,-55.5,0.00,295,33
KSLE,2026-10-10T12:00Z,39.9,22176,-51.9,-85.9,-53.6,0.01,,
KSLE,2026-10-10T12:00Z,39.4,22250,-52.5,-86.0,-54.1,0.01,335,20
KSLE,2026-10-10T12:00Z,37.6,22555,-55.0,-86.5,-56.3,0.01,35,17
KSLE,2026-10-10T12:00Z,36.3,22783,-56.9,-86.9,-58.0,0.01,,
KSLE,2026-10-10T12:00Z,35.9,22860,-57.2,-87.1,-58.3,0.01,45,13
KSLE,2026-10-10T12:00Z,34.2,23165,-58.5,-87.9,-59.5,0.01,25,19
KSLE,2026-10-10T12:00Z,33.0,23385,-59.5,-88.5,-60.4,0.00,,
KSLE,2026-10-10T12:00Z,31.0,23774,-55.9,-87.1,-57.3,0.01,325,17
KSLE,2026-10-10T12:00Z,30.3,23926,-54.5,-86.5,-56.1,0.01,,
KSLE,2026-10-10T12:00Z,30.0,23990,-54.9,-86.9,-56.5,0.01,10,11
KSLE,2026-10-10T12:00Z,29.6,24079,-55.4,-87.2,-56.9,0.01,320,20
KSLE,2026-10-10T12:00Z,28.2,24383,-57.1,-88.1,-58.4,0.01,,
KSLE,2026-10-10T12:00Z,28.2,24384,-57.1,-88.1,-58.4,0.01,15,10
KSLE,2026-10-10T12:00Z,26.9,24689,-55.5,-87.4,-57.1,0.01,5,3
KSLE,2026-10-10T12:00Z,25.6,24994,-53.9,-86.8,-55.9,0.01,300,10
KSLE,2026-10-10T12:00Z,24.4,25298,-52.4,-86.1,-54.7,0.01,305,12
KSLE,2026-10-10T12:00Z,24.1,25386,-51.9,-85.9,-54.4,0.01,,
KSLE,2026-10-10T12:00Z,23.3,25603,-53.3,-85.5,-55.6,0.01,310,10
KSLE,2026-10-10T12:00Z,23.2,25631,-53.5,-85.5,-55.7,0.01,,
KSLE,2026-10-10T12:00Z,22.2,25908,-52.2,-85.7,-54.8,0.01,350,2
KSLE,2026-10-10T12:00Z,21.9,26003,-51.7,-85.7,-54.4,0.01,,
KSLE,2026-10-10T12:00Z,20.0,26590,-51.5,-85.5,-54.5,0.01,320,10
KSLE,2026-10-10T12:00Z,19.3,26822,-51.8,-85.5,-54.8,0.01,260,10
KSLE,2026-10-10T12:00Z,17.9,27308,-52.5,-85.5,-55.5,0.01,,
KSLE,2026-10-10T12:00Z,17.6,27432,-52.2,-85.5,-55.3,0.02,15,8
KSLE,2026-10-10T12:00Z,16.8,27737,-51.3,-85.4,-54.8,0.02,325,16
KSLE,2026-10-10T12:00Z,15.8,28118,-50.3,-85.3,-54.2,0.02,,
KSLE,2026-10-10T12:00Z,15.3,28346,-50.6,-85.3,-54.5,0.02,355,10
KSLE,2026-10-10T12:00Z,13.2,29261,-52.0,-85.1,-55.8,0.02,0,0
KSLE,2026-10-10T12:00Z,13.1,29336,-52.1,-85.1,-55.9,0.02,,
KSLE,2026-10-10T12:00Z,11.9,29959,-51.1,-85.1,-55.5,0.02,,
KSLE,2026-10-10T12:00Z,11.2,30356,-48.1,-84.1,-53.9,0.03,,
KSLE,2026-10-10T12:00Z,11.1,30415,-48.1,-84.1,-53.9,0.03,,
KSLE,2026-10-10T12:00Z,10.2,30970,-49.9,-84.9,-55.2,0.03,,
KSLE,2026-10-10T12:00Z,10.0,31100,-49.1,-84.1,-54.8,0.03,280,11
KSLE,2026-10-10T12:00Z,7.8,32741,-45.1,-83.1,-53.6,0.05,,
KSLE,2026-10-10T12:00Z,7.3,33181,-46.3,-83.3,-54.5,0.05,,
KSLE,2026-10-10T12:00Z,7.0,33460,-45.7,-83.7,-54.4,0.05,300,4
KSLE,2026-10-10T12:00Z,6.8,33654,-44.5,-82.5,-53.9,0.07,,
KMFR,2026-10-10T18:00Z,965.0,405,11.0,1.0,6.3,4.25,130,3
KMFR,2026-10-10T18:00Z,946.0,565,8.4,1.4,5.1,4.46,,
KMFR,2026-10-10T18:00Z,940.7,610,7.9,1.4,4.9,4.48,255,2
KMFR,2026-10-10T18:00Z,925.0,744,6.4,1.4,4.1,4.56,285,3
KMFR,2026-10-10T18:00Z,916.0,824,5.8,0.9,3.6,4.44,,
KMFR,2026-10-10T18:00Z,906.0,914,5.0,0.1,2.8,4.23,320,5
KMFR,2026-10-10T18:00Z,893.0,1032,4.0,-1.0,1.8,3.97,,
KMFR,2026-10-10T18:00Z,872.7,1219,2.7,-2.0,0.7,3.76,345,8
KMFR,2026-10-10T18:00Z,868.0,1263,2.4,-2.3,0.4,3.71,,
KMFR,2026-10-10T18:00Z,852.0,1413,1.6,-4.4,-0.8,3.23,,
KMFR,2026-10-10T18:00Z,850.0,1432,2.0,-5.0,-0.8,3.09,10,10
KMFR,2026-10-10T18:00Z,840.4,1524,1.4,-5.6,-1.4,2.98,10,10
KMFR,2026-10-10T18:00Z,835.0,1575,1.0,-6.0,-1.7,2.92,,
KMFR,2026-10-10T18:00Z,826.0,1662,0.6,-10.4,-3.2,2.09,,
KMFR,2026-10-10T18:00Z,813.0,1790,-0.5,-12.5,-4.4,1.80,,
KMFR,2026-10-10T18:00Z,809.0,1829,-0.7,-16.1,-5.2,1.34,15,16
KMFR,2026-10-10T18:00Z,798.0,1938,-1.1,-26.1,-6.8,0.57,,
KMFR,2026-10-10T18:00Z,781.0,2109,-2.3,-23.3,-7.4,0.75,,
KMFR,2026-10-10T18:00Z,778.6,2134,-2.3,-23.9,-7.4,0.71,10,17
KMFR,2026-10-10T18:00Z,777.0,2150,-2.3,-24.3,-7.5,0.69,,
KMFR,2026-10-10T18:00Z,770.0,2222,-1.3,-27.3,-7.1,0.53,,
KMFR,2026-10-10T18:00Z,752.0,2410,-2.3,-30.3,-8.1,0.41,,
KMFR,2026-10-10T18:00Z,749.3,2438,-2.5,-29.3,-8.1,0.45,0,10
KMFR,2026-10-10T18:00Z,741.0,2527,-3.1,-26.1,-8.3,0.62,,
KMFR,2026-10-10T18:00Z,735.0,2591,-3.5,-27.5,-8.7,0.55,,
KMFR,2026-10-10T18:00Z,728.0,2667,-1.9,-40.9,-8.4,0.15,,
KMFR,2026-10-10T18:00Z,721.0,2743,-2.0,-38.5,-8.4,0.19,345,18
KMFR,2026-10-10T18:00Z,717.0,2788,-2.1,-37.1,-8.5,0.22,,
KMFR,2026-10-10T18:00Z,713.0,2832,-0.7,-42.7,-7.7,0.12,,
KMFR,2026-10-10T18:00Z,706.0,2911,-0.5,-47.5,-7.7,0.07,,
KMFR,2026-10-10T18:00Z,704.0,2933,0.2,-47.8,-7.3,0.07,,
KMFR,2026-10-10T18:00Z,700.0,2979,0.0,-48.0,-7.5,0.07,290,6
KMFR,2026-10-10T18:00Z,694.0,3048,-0.5,-47.7,-7.8,0.07,310,10
KMFR,2026-10-10T18:00Z,679.0,3222,-1.9,-46.9,-8.8,0.08,,
KMFR,2026-10-10T18:00Z,666.0,3375,-2.1,-47.1,-9.0,0.08,,
KMFR,2026-10-10T18:00Z,642.5,3658,-4.4,-45.3,-10.6,0.10,295,8
KMFR,2026-10-10T18:00Z,618.1,3962,-6.8,-43.4,-12.4,0.13,290,15
KMFR,2026-10-10T18:00Z,615.0,4001,-7.1,-43.1,-12.6,0.14,,
KMFR,2026-10-10T18:00Z,608.0,4090,-6.7,-45.7,-12.4,0.11,,
KMFR,2026-10-10T18:00Z,604.0,4142,-5.5,-50.5,-11.7,0.06,,
KMFR,2026-10-10T18:00Z,595.0,4259,-6.3,-50.3,-12.3,0.06,,
KMFR,2026-10-10T18:00Z,594.4,4267,-6.3,-50.3,-12.3,0.06,300,19
KMFR,2026-10-10T18:00Z,584.0,4405,-5.9,-49.9,-12.1,0.07,,
KMFR,2026-10-10T18:00Z,571.7,4572,-6.1,-50.1,-12.3,0.07,285,27
KMFR,2026-10-10T18:00Z,556.0,4789,-6.3,-50.3,-12.6,0.07,,
KMFR,2026-10-10T18:00Z,549.8,4877,-6.7,-51.1,-12.9,0.06,280,25
KMFR,2026-10-10T18:00Z,542.0,4988,-7.1,-52.1,-13.2,0.06,,
KMFR,2026-10-10T18:00Z,528.5,5182,-8.7,-52.7,-14.4,0.05,270,26
KMFR,2026-10-10T18:00Z,500.0,5610,-12.1,-54.1,-17.0,0.05,275,25
KMFR,2026-10-10T18:00Z,488.0,5791,-13.5,-54.1,-18.1,0.05,280,26
KMFR,2026-10-10T18:00Z,468.4,6096,-16.0,-54.2,-20.0,0.05,300,27
KMFR,2026-10-10T18:00Z,400.0,7270,-25.3,-54.3,-27.6,0.06,300,28
KMFR,2026-10-10T18:00Z,381.0,7620,-28.3,-54.7,-30.2,0.06,295,27
KMFR,2026-10-10T18:00Z,371.0,7812,-29.9,-54.9,-31.6,0.06,,
KMFR,2026-10-10T18:00Z,340.0,8430,-34.3,-59.3,-35.6,0.04,,
KMFR,2026-10-10T18:00Z,335.0,8534,-34.6,-59.9,-35.9,0.04,300,26
KMFR,2026-10-10T18:00Z,323.0,8788,-35.5,-61.5,-36.7,0.03,,
KMFR,2026-10-10T18:00Z,320.6,8839,-35.8,-61.6,-37.0,0.03,285,22
KMFR,2026-10-10T18:00Z,306.8,9144,-37.9,-62.5,-38.9,0.03,270,27
KMFR,2026-10-10T18:00Z,300.0,9300,-38.9,-62.9,-39.9,0.03,285,31
KMFR,2026-10-10T18:00Z,290.0,9530,-41.1,-60.1,-41.9,0.04,285,33
KMFR,2026-10-10T18:00Z,286.0,9625,-40.3,-67.3,-41.2,0.02,,
KMFR,2026-10-10T18:00Z,268.4,10058,-39.6,-70.1,-40.6,0.01,290,33
KMFR,2026-10-10T18:00Z,256.6,10363,-39.1,-72.0,-40.2,0.01,275,32
KMFR,2026-10-10T18:00Z,256.0,10379,-39.1,-72.1,-40.2,0.01,,
KMFR,2026-10-10T18:00Z,250.0,10540,-40.1,-72.1,-41.1,0.01,290,37
KMFR,2026-10-10T18:00Z,245.3,10668,-40.6,-72.6,-41.6,0.01,295,39
KMFR,2026-10-10T18:00Z,224.0,11278,-43.1,-75.1,-44.0,0.01,280,32
KMFR,2026-10-10T18:00Z,208.0,11778,-45.1,-77.1,-45.9,0.01,,
KMFR,2026-10-10T18:00Z,201.0,12007,-44.3,-78.3,-45.2,0.00,,
KMFR,2026-10-10T18:00Z,200.0,12040,-44.5,-77.5,-45.3,0.00,280,51
KMFR,2026-10-10T18:00Z,184.0,12593,-46.2,-78.8,-46.9,0.00,285,59
KMFR,2026-10-10T18:00Z,178.3,12802,-46.8,-79.2,-47.6,0.00,285,59
KMFR,2026-10-10T18:00Z,164.0,13356,-48.5,-80.5,-49.2,0.00,,
KMFR,2026-10-10T18:00Z,163.0,13397,-48.3,-81.3,-49.0,0.00,,
KMFR,2026-10-10T18:00Z,162.6,13411,-48.4,-81.3,-49.1,0.00,295,54
KMFR,2026-10-10T18:00Z,150.0,13940,-51.1,-82.1,-51.7,0.00,285,55
KMFR,2026-10-10T18:00Z,141.2,14326,-52.9,-82.9,-53.3,0.00,285,54
KMFR,2026-10-10T18:00Z,122.4,15240,-57.0,-84.7,-57.3,0.00,300,39
KMFR,2026-10-10T18:00Z,117.0,15531,-58.3,-85.3,-58.6,0.00,,
KMFR,2026-10-10T18:00Z,116.7,15545,-58.2,-85.2,-58.6,0.00,280,38
KMFR,2026-10-10T18:00Z,115.0,15639,-57.9,-84.9,-58.2,0.00,,
KMFR,2026-10-10T18:00Z,104.0,16268,-62.1,-86.1,-62.3,0.00,,
KMFR,2026-10-10T18:00Z,100.8,16459,-62.3,-86.3,-62.5,0.00,310,37
KMFR,2026-10-10T18:00Z,100.0,16510,-62.3,-86.3,-62.5,0.00,295,28
KMFR,2026-10-10T18:00Z,98.7,16591,-62.9,-85.9,-63.1,0.00,280,30
KMFR,2026-10-10T18:00Z,98.0,16634,-62.6,-86.1,-62.8,0.00,280,33
KMFR,2026-10-10T18:00Z,96.0,16762,-61.6,-86.5,-61.9,0.00,290,36
KMFR,2026-10-10T18:00Z,96.0,16764,-61.6,-86.5,-61.9,0.00,295,28
KMFR,2026-10-10T18:00Z,94.4,16865,-60.9,-86.9,-61.2,0.00,,
KMFR,2026-10-10T18:00Z,90.1,17154,-61.9,-87.9,-62.2,0.00,,
KMFR,2026-10-10T18:00Z,88.0,17300,-61.4,-88.0,-61.7,0.00,275,26
KMFR,2026-10-10T18:00Z,86.9,17378,-61.1,-88.1,-61.4,0.00,,
KMFR,2026-10-10T18:00Z,86.0,17442,-59.1,-88.1,-59.5,0.00,,
KMFR,2026-10-10T18:00Z,85.0,17515,-59.5,-88.2,-59.9,0.00,290,29
KMFR,2026-10-10T18:00Z,80.0,17889,-61.6,-88.8,-61.9,0.00,300,38
KMFR,2026-10-10T18:00Z,78.0,18045,-62.5,-89.1,-62.8,0.00,310,39
KMFR,2026-10-10T18:00Z,74.0,18370,-64.4,-89.6,-64.6,0.00,330,37
KMFR,2026-10-10T18:00Z,73.3,18429,-64.7,-89.7,-64.9,0.00,335,33
KMFR,2026-10-10T18:00Z,71.0,18623,-64.0,-89.7,-64.3,0.00,330,24
KMFR,2026-10-10T18:00Z,70.0,18710,-63.7,-89.7,-64.0,0.00,335,24
KMFR,2026-10-10T18:00Z,67.0,18979,-62.4,-90.0,-62.8,0.00,0,21
KMFR,2026-10-10T18:00Z,66.2,19053,-62.1,-90.1,-62.4,0.00,,
KMFR,2026-10-10T18:00Z,63.6,19300,-63.3,-90.3,-63.6,0.00,,
KMFR,2026-10-10T18:00Z,62.0,19457,-61.8,-90.2,-62.2,0.00,345,10
KMFR,2026-10-10T18:00Z,61.2,19537,-61.1,-90.1,-61.5,0.00,,
KMFR,2026-10-10T18:00Z,60.0,19659,-61.7,-90.1,-62.1,0.00,245,4
KMFR,2026-10-10T18:00Z,58.0,19867,-62.7,-90.2,-63.0,0.00,195,10
KMFR,2026-10-10T18:00Z,54.8,20217,-64.3,-90.3,-64.6,0.00,,
KMFR,2026-10-10T18:00Z,53.0,20422,-63.3,-90.4,-63.6,0.00,305,18
KMFR,2026-10-10T18:00Z,51.0,20658,-62.1,-90.5,-62.5,0.00,330,22
KMFR,2026-10-10T18:00Z,50.0,20780,-61.5,-90.5,-62.0,0.00,325,19
KMFR,2026-10-10T18:00Z,49.8,20805,-61.1,-90.1,-61.6,0.00,,
KMFR,2026-10-10T18:00Z,48.0,21033,-61.6,-89.7,-62.1,0.00,315,23
KMFR,2026-10-10T18:00Z,47.8,21059,-61.7,-89.7,-62.2,0.00,,
KMFR,2026-10-10T18:00Z,46.0,21299,-59.1,-89.5,-59.8,0.00,20,6
KMFR,2026-10-10T18:00Z,45.6,21354,-58.5,-89.5,-59.2,0.00,,
KMFR,2026-10-10T18:00Z,44.0,21578,-59.2,-89.8,-59.9,0.00,35,10
KMFR,2026-10-10T18:00Z,43.0,21722,-59.7,-89.9,-60.4,0.00,35,11
KMFR,2026-10-10T18:00Z,42.1,21854,-60.1,-90.1,-60.8,0.00,,
KMFR,2026-10-10T18:00Z,42.0,21869,-59.9,-90.0,-60.6,0.00,0,16
KMFR,2026-10-10T18:00Z,41.1,22005,-58.3,-89.3,-59.1,0.00,,
KMFR,2026-10-10T18:00Z,39.0,22334,-60.9,-89.9,-61.5,0.00,,
KMFR,2026-10-10T18:00Z,35.6,22904,-58.5,-90.5,-59.4,0.00,,
KMFR,2026-10-10T18:00Z,34.3,23140,-55.1,-89.1,-56.5,0.00,,
KMFR,2026-10-10T18:00Z,32.3,23523,-57.3,-88.3,-58.4,0.01,,
KMFR,2026-10-10T18:00Z,31.0,23782,-57.3,-88.9,-58.5,0.00,240,3
KMFR,2026-10-10T18:00Z,30.0,23990,-57.3,-89.3,-58.5,0.00,325,10
KMFR,2026-10-10T18:00Z,29.3,24139,-57.5,-89.5,-58.7,0.00,,
KMFR,2026-10-10T18:00Z,29.0,24204,-57.0,-89.4,-58.3,0.00,0,10
KMFR,2026-10-10T18:00Z,27.1,24635,-53.9,-88.9,-55.8,0.01,,
KMFR,2026-10-10T18:00Z,25.7,24975,-53.5,-87.5,-55.6,0.01,,
KMFR,2026-10-10T18:00Z,21.0,26275,-52.0,-86.9,-54.7,0.01,20,10
KMFR,2026-10-10T18:00Z,20.8,26337,-51.9,-86.9,-54.7,0.01,,
KMFR,2026-10-10T18:00Z,20.0,26590,-52.5,-87.5,-55.2,0.01,25,2
KMFR,2026-10-10T18:00Z,17.3,27527,-53.3,-87.3,-56.1,0.01,,
KMFR,2026-10-10T18:00Z,16.0,28031,-53.3,-88.0,-56.3,0.01,100,10
KMFR,2026-10-10T18:00Z,15.4,28278,-53.3,-88.3,-56.4,0.01,,
KMFR,2026-10-10T18:00Z,15.1,28405,-51.7,-87.7,-55.3,0.01,,
KMFR,2026-10-10T18:00Z,15.0,28448,-51.7,-87.7,-55.4,0.01,85,11
KMFR,2026-10-10T18:00Z,14.2,28804,-52.1,-88.1,-55.7,0.01,,
KMFR,2026-10-10T18:00Z,13.0,29384,-48.5,-86.4,-53.6,0.02,305,10
KMFR,2026-10-10T18:00Z,12.4,29694,-46.5,-85.5,-52.6,0.02,,
KMFR,2026-10-10T18:00Z,12.0,29912,-46.8,-85.6,-52.9,0.02,340,10
KMFR,2026-10-10T18:00Z,10.7,30672,-47.9,-85.9,-53.9,0.02,,
KMFR,2026-10-10T18:00Z,10.0,31120,-47.1,-86.1,-53.7,0.02,225,9
KMFR,2026-10-10T18:00Z,9.7,31321,-47.9,-85.9,-54.3,0.03,,
KMFR,2026-10-10T18:00Z,9.0,31818,-46.5,-85.4,-53.7,0.03,240,10
KMFR,2026-10-10T18:00Z,8.3,32356,-44.9,-84.9,-53.3,0.04,,
KMFR,2026-10-10T18:00Z,8.0,32601,-45.5,-84.9,-53.7,0.04,180,9
KMFR,2026-10-10T18:00Z,7.8,32770,-45.9,-84.9,-54.0,0.04,,
KOTX,2026-10-10T18:00Z,923.0,728,5.2,1.3,3.4,4.54,190,5
KOTX,2026-10-10T18:00Z,919.0,764,4.6,-0.4,2.4,4.03,,
KOTX,2026-10-10T18:00Z,915.0,799,4.3,-0.5,2.2,4.02,155,3
KOTX,2026-10-10T18:00Z,904.0,898,3.3,-0.7,1.6,4.01,175,4
KOTX,2026-10-10T18:00Z,873.0,1182,0.6,-1.3,-0.2,3.97,,
KOTX,2026-10-10T18:00Z,871.0,1201,0.9,-1.3,-0.0,3.98,200,5
KOTX,2026-10-10T18:00Z,859.0,1313,2.6,-1.2,0.9,4.06,,
KOTX,2026-10-10T18:00Z,854.0,1361,2.3,-2.1,0.4,3.82,245,4
KOTX,2026-10-10T18:00Z,853.0,1370,2.2,-2.3,0.3,3.77,,
KOTX,2026-10-10T18:00Z,850.0,1399,2.4,-2.3,0.4,3.79,265,3
KOTX,2026-10-10T18:00Z,846.0,1437,2.4,-2.6,0.3,3.72,,
KOTX,2026-10-10T18:00Z,839.0,1504,1.9,-3.5,-0.3,3.50,260,6
KOTX,2026-10-10T18:00Z,833.0,1562,1.5,-4.3,-0.8,3.32,255,7
KOTX,2026-10-10T18:00Z,831.0,1581,1.4,-4.6,-1.0,3.26,,
KOTX,2026-10-10T18:00Z,801.0,1876,-0.7,-5.1,-2.5,3.26,250,9
KOTX,2026-10-10T18:00Z,792.0,1966,-1.4,-5.3,-2.9,3.25,245,9
KOTX,2026-10-10T18:00Z,790.0,1987,-1.5,-5.3,-3.0,3.25,,
KOTX,2026-10-10T18:00Z,779.0,2098,-2.1,-6.2,-3.7,3.07,250,12
KOTX,2026-10-10T18:00Z,776.0,2129,-2.3,-6.5,-3.9,3.02,,
KOTX,2026-10-10T18:00Z,771.0,2180,-2.7,-6.5,-4.2,3.05,265,10
KOTX,2026-10-10T18:00Z,760.0,2294,-3.7,-6.4,-4.7,3.11,255,9
KOTX,2026-10-10T18:00Z,755.0,2346,-4.1,-6.4,-5.0,3.13,,
KOTX,2026-10-10T18:00Z,739.0,2513,-5.5,-7.4,-6.2,2.96,280,7
KOTX,2026-10-10T18:00Z,730.0,2609,-6.3,-8.0,-6.9,2.87,275,8
KOTX,2026-10-10T18:00Z,721.0,2706,-7.2,-8.5,-7.6,2.78,285,5
KOTX,2026-10-10T18:00Z,700.0,2937,-9.1,-9.9,-9.4,2.57,315,5
KOTX,2026-10-10T18:00Z,691.0,3037,-9.8,-10.4,-10.0,2.50,325,3
KOTX,2026-10-10T18:00Z,688.0,3071,-10.1,-10.6,-10.3,2.48,,
KOTX,2026-10-10T18:00Z,682.0,3138,-10.7,-11.2,-10.8,2.37,15,4
KOTX,2026-10-10T18:00Z,675.0,3217,-11.3,-12.0,-11.5,2.26,,
KOTX,2026-10-10T18:00Z,671.0,3263,-11.7,-12.3,-11.9,2.21,60,6
KOTX,2026-10-10T18:00Z,662.0,3366,-12.7,-13.1,-12.8,2.11,,
KOTX,2026-10-10T18:00Z,654.0,3458,-13.5,-14.7,-13.8,1.87,,
KOTX,2026-10-10T18:00Z,650.0,3505,-12.9,-17.8,-14.2,1.46,130,2
KOTX,2026-10-10T18:00Z,641.0,3612,-11.7,-24.7,-14.5,0.81,,
KOTX,2026-10-10T18:00Z,606.0,4039,-13.8,-32.9,-17.0,0.40,220,15
KOTX,2026-10-10T18:00Z,601.0,4102,-14.1,-34.1,-17.3,0.36,,
KOTX,2026-10-10T18:00Z,593.0,4203,-14.8,-34.7,-17.9,0.34,200,18
KOTX,2026-10-10T18:00Z,589.0,4254,-15.2,-35.0,-18.2,0.33,195,19
KOTX,2026-10-10T18:00Z,562.0,4606,-17.7,-37.0,-20.4,0.29,210,16
KOTX,2026-10-10T18:00Z,556.0,4687,-18.3,-37.4,-20.9,0.28,210,17
KOTX,2026-10-10T18:00Z,550.0,4768,-18.9,-37.9,-21.4,0.27,,
KOTX,2026-10-10T18:00Z,549.0,4782,-19.0,-38.0,-21.5,0.26,205,18
KOTX,2026-10-10T18:00Z,536.0,4959,-20.4,-39.5,-22.7,0.23,210,20
KOTX,2026-10-10T18:00Z,532.0,5015,-20.9,-39.9,-23.1,0.22,,
KOTX,2026-10-10T18:00Z,523.0,5140,-21.6,-40.0,-23.7,0.23,205,16
KOTX,2026-10-10T18:00Z,517.0,5225,-22.1,-40.1,-24.1,0.23,200,17
KOTX,2026-10-10T18:00Z,503.0,5426,-23.2,-40.3,-25.1,0.23,210,26
KOTX,2026-10-10T18:00Z,502.0,5441,-23.3,-40.3,-25.2,0.23,,
KOTX,2026-10-10T18:00Z,500.0,5470,-23.5,-40.5,-25.4,0.22,210,26
KOTX,2026-10-10T18:00Z,493.0,5573,-24.1,-41.5,-26.0,0.21,215,25
KOTX,2026-10-10T18:00Z,488.0,5647,-24.6,-42.2,-26.4,0.19,210,24
KOTX,2026-10-10T18:00Z,480.0,5767,-25.3,-43.3,-27.1,0.17,,
KOTX,2026-10-10T18:00Z,475.0,5843,-25.7,-43.7,-27.4,0.17,220,32
KOTX,2026-10-10T18:00Z,469.0,5935,-26.1,-44.1,-27.8,0.16,220,32
KOTX,2026-10-10T18:00Z,458.0,6106,-27.0,-45.0,-28.6,0.15,215,30
KOTX,2026-10-10T18:00Z,448.0,6266,-27.8,-45.8,-29.4,0.14,220,34
KOTX,2026-10-10T18:00Z,447.0,6282,-27.9,-45.9,-29.4,0.14,,
KOTX,2026-10-10T18:00Z,438.0,6426,-29.0,-46.3,-30.4,0.14,225,34
KOTX,2026-10-10T18:00Z,421.0,6707,-31.2,-47.1,-32.4,0.13,220,42
KOTX,2026-10-10T18:00Z,411.0,6878,-32.6,-47.6,-33.6,0.13,215,39
KOTX,2026-10-10T18:00Z,401.0,7052,-34.0,-48.0,-34.9,0.12,215,38
KOTX,2026-10-10T18:00Z,400.0,7070,-34.1,-48.1,-35.0,0.12,215,38
KOTX,2026-10-10T18:00Z,398.0,7105,-34.1,-48.1,-35.0,0.12,,
KOTX,2026-10-10T18:00Z,396.0,7140,-34.2,-48.4,-35.2,0.12,215,37
KOTX,2026-10-10T18:00Z,377.0,7482,-35.7,-51.7,-36.6,0.09,235,51
KOTX,2026-10-10T18:00Z,364.0,7725,-36.9,-52.9,-37.7,0.08,,
KOTX,2026-10-10T18:00Z,354.0,7917,-36.1,-53.1,-37.0,0.08,,
KOTX,2026-10-10T18:00Z,351.0,7976,-36.3,-53.5,-37.2,0.07,220,72
KOTX,2026-10-10T18:00Z,342.0,8156,-36.9,-54.9,-37.8,0.06,,
KOTX,2026-10-10T18:00Z,335.0,8299,-36.8,-55.3,-37.8,0.06,220,67
KOTX,2026-10-10T18:00Z,330.0,8402,-36.7,-55.6,-37.7,0.06,225,66
KOTX,2026-10-10T18:00Z,328.0,8444,-36.7,-55.7,-37.7,0.06,,
KOTX,2026-10-10T18:00Z,326.0,8487,-36.7,-55.7,-37.7,0.06,,
KOTX,2026-10-10T18:00Z,321.0,8593,-36.3,-54.6,-37.3,0.07,230,77
KOTX,2026-10-10T18:00Z,319.0,8637,-36.1,-54.1,-37.2,0.08,,
KOTX,2026-10-10T18:00Z,305.0,8946,-37.5,-53.5,-38.4,0.09,,
KOTX,2026-10-10T18:00Z,303.0,8992,-37.8,-53.8,-38.7,0.08,225,89
KOTX,2026-10-10T18:00Z,300.0,9060,-38.3,-54.3,-39.2,0.08,225,88
KOTX,2026-10-10T18:00Z,278.0,9579,-41.2,-56.3,-42.0,0.07,225,81
KOTX,2026-10-10T18:00Z,264.0,9931,-43.3,-57.6,-43.9,0.06,230,82
KOTX,2026-10-10T18:00Z,257.0,10114,-44.3,-58.3,-44.9,0.06,,
KOTX,2026-10-10T18:00Z,251.0,10273,-44.9,-58.9,-45.4,0.05,,
KOTX,2026-10-10T18:00Z,250.0,10300,-44.9,-58.9,-45.4,0.05,235,74
KOTX,2026-10-10T18:00Z,245.0,10435,-44.7,-59.7,-45.3,0.05,,
KOTX,2026-10-10T18:00Z,240.0,10572,-45.2,-60.2,-45.8,0.05,240,66
KOTX,2026-10-10T18:00Z,232.0,10797,-46.1,-61.1,-46.6,0.04,,
KOTX,2026-10-10T18:00Z,225.0,11000,-46.7,-61.7,-47.2,0.04,245,59
KOTX,2026-10-10T18:00Z,221.0,11118,-46.4,-61.8,-46.9,0.04,250,54
KOTX,2026-10-10T18:00Z,216.0,11270,-45.9,-61.9,-46.5,0.04,,
KOTX,2026-10-10T18:00Z,215.0,11301,-46.0,-62.2,-46.6,0.04,240,48
KOTX,2026-10-10T18:00Z,211.0,11425,-46.3,-63.3,-46.9,0.04,,
KOTX,2026-10-10T18:00Z,210.0,11456,-46.3,-63.3,-46.9,0.04,245,45
KOTX,2026-10-10T18:00Z,208.0,11520,-46.3,-63.3,-46.9,0.04,240,44
KOTX,2026-10-10T18:00Z,207.0,11552,-46.3,-63.3,-46.9,0.04,,
KOTX,2026-10-10T18:00Z,205.0,11616,-46.0,-63.0,-46.6,0.04,245,46
KOTX,2026-10-10T18:00Z,202.0,11714,-45.5,-62.5,-46.2,0.04,,
KOTX,2026-10-10T18:00Z,200.0,11780,-45.1,-62.1,-45.8,0.04,245,42
KOTX,2026-10-10T18:00Z,198.0,11847,-45.1,-62.1,-45.8,0.05,,
KOTX,2026-10-10T18:00Z,196.0,11915,-45.4,-62.4,-46.1,0.04,240,40
KOTX,2026-10-10T18:00Z,192.0,12052,-45.9,-62.9,-46.6,0.04,,
KOTX,2026-10-10T18:00Z,190.0,12122,-45.9,-62.9,-46.6,0.04,,
KOTX,2026-10-10T18:00Z,188.0,12192,-46.0,-63.0,-46.7,0.04,250,46
KOTX,2026-10-10T18:00Z,184.0,12335,-46.1,-63.1,-46.8,0.04,,
KOTX,2026-10-10T18:00Z,183.0,12372,-46.3,-63.3,-46.9,0.04,250,41
KOTX,2026-10-10T18:00Z,180.0,12481,-46.8,-63.8,-47.4,0.04,250,44
KOTX,2026-10-10T18:00Z,175.0,12667,-47.6,-64.6,-48.2,0.04,250,49
KOTX,2026-10-10T18:00Z,172.0,12782,-48.1,-65.1,-48.7,0.04,,
KOTX,2026-10-10T18:00Z,164.0,13095,-48.7,-65.0,-49.3,0.04,255,37
KOTX,2026-10-10T18:00Z,162.0,13176,-48.8,-64.9,-49.4,0.04,255,36
KOTX,2026-10-10T18:00Z,161.0,13217,-48.9,-64.9,-49.5,0.04,,
KOTX,2026-10-10T18:00Z,154.0,13508,-50.1,-66.1,-50.6,0.03,260,35
KOTX,2026-10-10T18:00Z,151.0,13637,-49.7,-65.7,-50.3,0.04,,
KOTX,2026-10-10T18:00Z,150.0,13680,-49.5,-65.5,-50.1,0.04,265,40
KOTX,2026-10-10T18:00Z,148.0,13768,-49.2,-65.2,-49.8,0.04,265,42
KOTX,2026-10-10T18:00Z,146.0,13857,-48.9,-64.9,-49.5,0.04,,
KOTX,2026-10-10T18:00Z,144.0,13947,-49.3,-65.3,-49.9,0.04,275,39
KOTX,2026-10-10T18:00Z,136.0,14321,-51.1,-67.1,-51.6,0.03,,
KOTX,2026-10-10T18:00Z,134.0,14417,-51.2,-66.9,-51.8,0.04,285,45
KOTX,2026-10-10T18:00Z,132.0,14515,-51.4,-66.7,-51.9,0.04,285,42
KOTX,2026-10-10T18:00Z,130.0,14614,-51.5,-66.5,-52.0,0.04,,
KOTX,2026-10-10T18:00Z,129.0,14664,-51.5,-66.5,-52.0,0.04,,
KOTX,2026-10-10T18:00Z,128.0,14714,-51.1,-67.1,-51.7,0.04,280,34
KOTX,2026-10-10T18:00Z,126.0,14817,-50.6,-66.6,-51.2,0.04,280,33
KOTX,2026-10-10T18:00Z,125.0,14869,-50.3,-66.3,-50.9,0.04,,
KOTX,2026-10-10T18:00Z,123.0,14974,-50.6,-66.1,-51.2,0.04,285,36
KOTX,2026-10-10T18:00Z,121.0,15081,-50.9,-65.9,-51.5,0.04,,
KOTX,2026-10-10T18:00Z,120.0,15135,-51.0,-66.0,-51.6,0.04,285,36
KOTX,2026-10-10T18:00Z,118.0,15244,-51.3,-66.3,-51.9,0.04,285,34
KOTX,2026-10-10T18:00Z,115.0,15411,-51.8,-66.8,-52.4,0.04,290,38
KOTX,2026-10-10T18:00Z,113.0,15525,-52.1,-67.1,-52.7,0.04,,
KOTX,2026-10-10T18:00Z,112.0,15582,-52.4,-67.2,-52.9,0.04,285,34
KOTX,2026-10-10T18:00Z,108.0,15816,-53.4,-67.7,-53.9,0.04,280,38
KOTX,2026-10-10T18:00Z,107.0,15876,-53.6,-67.8,-54.1,0.04,280,38
KOTX,2026-10-10T18:00Z,106.0,15937,-53.9,-67.9,-54.4,0.04,,
KOTX,2026-10-10T18:00Z,103.0,16121,-54.5,-68.5,-55.0,0.04,290,40
KOTX,2026-10-10T18:00Z,102.0,16183,-54.7,-68.7,-55.2,0.04,,
KOTX,2026-10-10T18:00Z,100.0,16310,-54.7,-68.7,-55.2,0.04,295,37
